Title,Image Link,Buy Products Page Link,Price,Rating,Stock
It's Only the Himalayas,http://books.toscrape.com/../../../media/cache/27/a5/27a53d0bb95bdd88288eaf66c9230d7e.jpg,http://books.toscrape.com/../../its-only-the-himalayas_981/index.html,£45.17,Two,"

    
        In stock
    
"
You can't bury them all: Poems,http://books.toscrape.com/../../../media/cache/e9/20/e9203b733126c4a0832a1c7885dc27cf.jpg,http://books.toscrape.com/../../you-cant-bury-them-all-poems_961/index.html,£33.63,Two,"

    
        In stock
    
"
The Natural History of Us (The Fine Art of Pretending #2),http://books.toscrape.com/../../../media/cache/5d/7f/5d7f496cdf5e5962a73ecdcc1505c1d5.jpg,http://books.toscrape.com/../../the-natural-history-of-us-the-fine-art-of-pretending-2_941/index.html,£45.22,Three,"

    
        In stock
    
"
"Rat Queens, Vol. 3: Demons (Rat Queens (Collected Editions) #11-15)",http://books.toscrape.com/../../../media/cache/f3/ef/f3efd43ae0fa85d9b325d5e8783e7af5.jpg,http://books.toscrape.com/../../rat-queens-vol-3-demons-rat-queens-collected-editions-11-15_921/index.html,£50.40,Three,"

    
        In stock
    
"
In the Country We Love: My Family Divided,http://books.toscrape.com/../../../media/cache/fe/ea/feeafd2ad7b3077f8e74cbb1da9e3c7d.jpg,http://books.toscrape.com/../../in-the-country-we-love-my-family-divided_901/index.html,£22.00,Four,"

    
        In stock
    
"
"Avatar: The Last Airbender: Smoke and Shadow, Part 3 (Smoke and Shadow #3)",http://books.toscrape.com/../../../media/cache/06/18/061811c5845d0e13bc04b2a755f0830f.jpg,http://books.toscrape.com/../../avatar-the-last-airbender-smoke-and-shadow-part-3-smoke-and-shadow-3_881/index.html,£28.09,Two,"

    
        In stock
    
"
The Stranger,http://books.toscrape.com/../../../media/cache/ea/04/ea0476a6f4c318ceccf5e2f2b39f2b15.jpg,http://books.toscrape.com/../../the-stranger_861/index.html,£17.44,Four,"

    
        In stock
    
"
The Cookies & Cups Cookbook: 125+ sweet & savory recipes reminding you to Always Eat Dessert First,http://books.toscrape.com/../../../media/cache/54/89/54899b4584e941ceced511d81092c88a.jpg,http://books.toscrape.com/../../the-cookies-cups-cookbook-125-sweet-savory-recipes-reminding-you-to-always-eat-dessert-first_841/index.html,£41.25,One,"

    
        In stock
    
"
Mrs. Houdini,http://books.toscrape.com/../../../media/cache/0e/fe/0efe86960cdff718aed01a5c3f65b1c3.jpg,http://books.toscrape.com/../../mrs-houdini_821/index.html,£30.25,Five,"

    
        In stock
    
"
"Deliciously Ella Every Day: Quick and Easy Recipes for Gluten-Free Snacks, Packed Lunches, and Simple Meals",http://books.toscrape.com/../../../media/cache/20/f2/20f28657b49f8cb24ed2ec6448bb6df3.jpg,http://books.toscrape.com/../../deliciously-ella-every-day-quick-and-easy-recipes-for-gluten-free-snacks-packed-lunches-and-simple-meals_801/index.html,£42.16,Three,"

    
        In stock
    
"
Why the Right Went Wrong: Conservatism--From Goldwater to the Tea Party and Beyond,http://books.toscrape.com/../../../media/cache/db/1b/db1babd3c09b84da800b0e9897fe0097.jpg,http://books.toscrape.com/../../why-the-right-went-wrong-conservatism-from-goldwater-to-the-tea-party-and-beyond_781/index.html,£52.65,Four,"

    
        In stock
    
"
The Rosie Project (Don Tillman #1),http://books.toscrape.com/../../../media/cache/f0/db/f0db1cf76d45f0522d4c8c3c39aa0dd8.jpg,http://books.toscrape.com/../../the-rosie-project-don-tillman-1_761/index.html,£54.04,One,"

    
        In stock
    
"
Take Me with You,http://books.toscrape.com/../../../media/cache/d8/a4/d8a44eda7cbe7bd1207f868e9adc06f3.jpg,http://books.toscrape.com/../../take-me-with-you_741/index.html,£45.21,Three,"

    
        In stock
    
"
"Naruto (3-in-1 Edition), Vol. 14: Includes Vols. 40, 41 & 42 (Naruto: Omnibus #14)",http://books.toscrape.com/../../../media/cache/c8/22/c822360ce0f91c40f7a0491c22287646.jpg,http://books.toscrape.com/../../naruto-3-in-1-edition-vol-14-includes-vols-40-41-42-naruto-omnibus-14_721/index.html,£38.39,Two,"

    
        In stock
    
"
"Hush, Hush (Hush, Hush #1)",http://books.toscrape.com/../../../media/cache/2a/b9/2ab91479fe480e964f319fa8ac6991b2.jpg,http://books.toscrape.com/../../hush-hush-hush-hush-1_701/index.html,£47.02,Three,"

    
        In stock
    
"
Cometh the Hour (The Clifton Chronicles #6),http://books.toscrape.com/../../../media/cache/55/11/5511a4296fbd484dcaa89c8a2d25965d.jpg,http://books.toscrape.com/../../cometh-the-hour-the-clifton-chronicles-6_681/index.html,£25.01,Three,"

    
        In stock
    
"
Angels & Demons (Robert Langdon #1),http://books.toscrape.com/../../../media/cache/b4/2a/b42a187c37de904f776070c57f51c756.jpg,http://books.toscrape.com/../../angels-demons-robert-langdon-1_661/index.html,£51.48,Three,"

    
        In stock
    
"
The Silent Sister (Riley MacPherson #1),http://books.toscrape.com/../../../media/cache/30/2c/302cd9c84442e139145ec0993880d7e0.jpg,http://books.toscrape.com/../../the-silent-sister-riley-macpherson-1_641/index.html,£46.29,Five,"

    
        In stock
    
"
How to Speak Golf: An Illustrated Guide to Links Lingo,http://books.toscrape.com/../../../media/cache/d2/64/d264ad1af882ce391005dc7215ac90e7.jpg,http://books.toscrape.com/../../how-to-speak-golf-an-illustrated-guide-to-links-lingo_621/index.html,£58.32,Five,"

    
        In stock
    
"
Off the Hook (Fishing for Trouble #1),http://books.toscrape.com/../../../media/cache/1d/78/1d78fe226e1adb9cb591fa21f8a9bf68.jpg,http://books.toscrape.com/../../off-the-hook-fishing-for-trouble-1_601/index.html,£47.67,Three,"

    
        In stock
    
"
10-Day Green Smoothie Cleanse: Lose Up to 15 Pounds in 10 Days!,http://books.toscrape.com/../../../media/cache/23/c2/23c2108ae81327c7f3fb0721976cba5e.jpg,http://books.toscrape.com/../../10-day-green-smoothie-cleanse-lose-up-to-15-pounds-in-10-days_581/index.html,£49.71,Five,"

    
        In stock
    
"
Don't Forget Steven,http://books.toscrape.com/../../../media/cache/e7/75/e775bf9ea6343b2ee0be5166bb445bd2.jpg,http://books.toscrape.com/../../dont-forget-steven_561/index.html,£33.23,One,"

    
        In stock
    
"
Shadows of the Past (Logan Point #1),http://books.toscrape.com/../../../media/cache/93/e0/93e0ec623673a8f83598c9aa7b6c94ec.jpg,http://books.toscrape.com/../../shadows-of-the-past-logan-point-1_541/index.html,£39.67,Five,"

    
        In stock
    
"
History of Beauty,http://books.toscrape.com/../../../media/cache/58/a6/58a634c3231b5380544cc330536cb5ea.jpg,http://books.toscrape.com/../../history-of-beauty_521/index.html,£10.29,Four,"

    
        In stock
    
"
The Whale,http://books.toscrape.com/../../../media/cache/6c/18/6c18ea03e294bfcfe07cf531c6c5f5b3.jpg,http://books.toscrape.com/../../the-whale_501/index.html,£35.96,Four,"

    
        In stock
    
"
Playing from the Heart,http://books.toscrape.com/../../../media/cache/1c/eb/1cebdf525ebe970a1dc3c5a8c50eae6b.jpg,http://books.toscrape.com/../../playing-from-the-heart_481/index.html,£32.38,One,"

    
        In stock
    
"
Blue Like Jazz: Nonreligious Thoughts on Christian Spirituality,http://books.toscrape.com/../../../media/cache/a2/f5/a2f5b5fd4421d56d37c73a7fb29f5f40.jpg,http://books.toscrape.com/../../blue-like-jazz-nonreligious-thoughts-on-christian-spirituality_461/index.html,£25.77,One,"

    
        In stock
    
"
The Collected Poems of W.B. Yeats (The Collected Works of W.B. Yeats #1),http://books.toscrape.com/../../../media/cache/7e/93/7e934132cd03486649fb492fe702f704.jpg,http://books.toscrape.com/../../the-collected-poems-of-wb-yeats-the-collected-works-of-wb-yeats-1_441/index.html,£15.42,Five,"

    
        In stock
    
"
A Year in Provence (Provence #1),http://books.toscrape.com/../../../media/cache/db/46/db46159b05faa5d95262112bf9c29ddd.jpg,http://books.toscrape.com/../../a-year-in-provence-provence-1_421/index.html,£56.88,Four,"

    
        In stock
    
"
